-- phpMyAdmin SQL Dump
-- version 5.0.4
-- https://www.phpmyadmin.net/
--
-- Servidor: 127.0.0.1
-- Tiempo de generación: 05-06-2021 a las 00:13:43
-- Versión del servidor: 10.4.17-MariaDB
-- Versión de PHP: 7.4.15

SET SQL_MODE = "NO_AUTO_VALUE_ON_ZERO";
START TRANSACTION;
SET time_zone = "+00:00";


/*!40101 SET @OLD_CHARACTER_SET_CLIENT=@@CHARACTER_SET_CLIENT */;
/*!40101 SET @OLD_CHARACTER_SET_RESULTS=@@CHARACTER_SET_RESULTS */;
/*!40101 SET @OLD_COLLATION_CONNECTION=@@COLLATION_CONNECTION */;
/*!40101 SET NAMES utf8mb4 */;

--
-- Base de datos: `empleado`
--

-- --------------------------------------------------------

--
-- Estructura de tabla para la tabla `areas`
--

CREATE TABLE `areas` (
  `id` int(11) NOT NULL,
  `nombre` varchar(255) NOT NULL
) ENGINE=InnoDB DEFAULT CHARSET=utf8mb4;

--
-- Volcado de datos para la tabla `areas`
--

INSERT INTO `areas` (`id`, `nombre`) VALUES
(1, 'Ventas'),
(2, 'Calidad'),
(3, 'Producción');

-- --------------------------------------------------------

--
-- Estructura de tabla para la tabla `empleados`
--

CREATE TABLE `empleados` (
  `id` int(11) NOT NULL,
  `nombre` varchar(255) NOT NULL,
  `email` varchar(255) NOT NULL,
  `sexo` char(1) NOT NULL,
  `area_id` int(11) NOT NULL,
  `boletin` int(11) NOT NULL,
  `descripcion` text NOT NULL
) ENGINE=InnoDB DEFAULT CHARSET=utf8mb4;

--
-- Volcado de datos para la tabla `empleados`
--

INSERT INTO `empleados` (`id`, `nombre`, `email`, `sexo`, `area_id`, `boletin`, `descripcion`) VALUES
(30, 'Lucas mateo soche Silva', 'lucassoche@hotmail.com', 'M', 1, 1, 'hola mundo'),
(31, 'Martha Stella Silva', 'martha@hotmail.com', 'F', 1, 1, 'hola mudno'),
(39, 'Lucas Mateo Soche Silva', 'sdf@gorm.v', 'M', 2, 0, ''),
(40, 'Lucas Mateo Soche Silva', 'sdf@gorm.v', 'M', 2, 0, ''),
(46, 'Lucas Mateo Soche Silva', 'sdf@gorm.v', 'M', 2, 0, ''),
(47, 'df', 'sdf@gorm.v', 'M', 3, 0, ''),
(48, 'Andres felipe soche silva', 'pedro@hotmail.com', 'M', 2, 0, ''),
(49, 'jghj', 'sdf@gorm.v', 'M', 3, 0, 'ghj');

-- --------------------------------------------------------

--
-- Estructura de tabla para la tabla `empleado_rol`
--

CREATE TABLE `empleado_rol` (
  `empleado_id` int(11) NOT NULL,
  `rol_id` int(11) NOT NULL
) ENGINE=InnoDB DEFAULT CHARSET=utf8mb4;

--
-- Volcado de datos para la tabla `empleado_rol`
--

INSERT INTO `empleado_rol` (`empleado_id`, `rol_id`) VALUES
(30, 1),
(31, 2);

-- --------------------------------------------------------

--
-- Estructura de tabla para la tabla `roles`
--

CREATE TABLE `roles` (
  `id` int(11) NOT NULL,
  `nombre` varchar(255) NOT NULL
) ENGINE=InnoDB DEFAULT CHARSET=utf8mb4;

--
-- Volcado de datos para la tabla `roles`
--

INSERT INTO `roles` (`id`, `nombre`) VALUES
(1, 'Profesional de proyectos - Desarrollador'),
(2, 'Gerente Estratégico'),
(3, 'Auxiliar administrativo');

--
-- Índices para tablas volcadas
--

--
-- Indices de la tabla `areas`
--
ALTER TABLE `areas`
  ADD PRIMARY KEY (`id`);

--
-- Indices de la tabla `empleados`
--
ALTER TABLE `empleados`
  ADD PRIMARY KEY (`id`);

--
-- Indices de la tabla `roles`
--
ALTER TABLE `roles`
  ADD PRIMARY KEY (`id`);

--
-- AUTO_INCREMENT de las tablas volcadas
--

--
-- AUTO_INCREMENT de la tabla `areas`
--
ALTER TABLE `areas`
  MODIFY `id` int(11) NOT NULL AUTO_INCREMENT, AUTO_INCREMENT=4;

--
-- AUTO_INCREMENT de la tabla `empleados`
--
ALTER TABLE `empleados`
  MODIFY `id` int(11) NOT NULL AUTO_INCREMENT, AUTO_INCREMENT=57;

--
-- AUTO_INCREMENT de la tabla `roles`
--
ALTER TABLE `roles`
  MODIFY `id` int(11) NOT NULL AUTO_INCREMENT, AUTO_INCREMENT=4;
COMMIT;

/*!40101 SET CHARACTER_SET_CLIENT=@OLD_CHARACTER_SET_CLIENT */;
/*!40101 SET CHARACTER_SET_RESULTS=@OLD_CHARACTER_SET_RESULTS */;
/*!40101 SET COLLATION_CONNECTION=@OLD_COLLATION_CONNECTION */;
